Stress ,Temp,LMP,TTF
157,823,34906.28368,259.1
137,823,35291.89584,762.1
118,823,35668.09034,2183.3
108,873,36550.8132,73.8
108,823,35887.62695,4035.2
88,873,37143.13175,352
69,923,38595.77826,65.4
69,873,37965.02439,3076.1
61,873,38439.71573,10758.4
53,923,39357.43946,437.3
41,923,40451.90356,6707.3
37,973,41194.34786,217.5
29,973,41707.45782,732.5
26,973,41929.21719,1238
